Профсоюзная,71
Ленинский проспект,66
Новочеремушкинская,49
Гарибальди,42
Мичуринский проспект,33
Удальцова,25
Островитянова,23
Вавилова,21
Проспект Вернадского,20
Болотниковская,18
Ломоносовский проспект,16
Варшавское ш,15
Наметкина,15
Мосфильмовская,13
Покрышкина,13
Довженко,12
Голубинская,11
Лобачевского,11
Нахимовский проспект,11
Привольная,11
Пырьева,11
Академика Пилюгина,10
Каховка,9
Ярцевская,9
Ефремова,8
Маршала Жукова,8
Маршала Катукова,8
Сумской проезд,8
Шенкурский проезд,8
березовая аллея,7
дмитрия ульянова,7
Ленинградское шоссе,7
Молодежная улица,7
Новаторов,7
Раменки,7
Романов переулок,7
Сивашская,7
Чертановская,7
Ягодная,7
3-я Фрунзенская,6
Академика Капицы,6
Кутузовский проспект,6
Лялин пер.,6
Нежинская,6
Нижегородская,6
Северное чертаново,6
Хавская,6
8-я Текстильщиков,5
Академика Челомея,5
Алтуфьевское шоссе,5
боровское шоссе,5
Гризодубовой,5
Ивана Бабушкина,5
Коненкова,5
Лихоборские бугры,5
Мельникова,5
Нижняя Красносельская,5
Нововаганьковский пер,5
Рабочая,5
Усачева,5
Херсонская,5
1-ый Нагатинский проезд,4
6-ая Радиальная,4
Аминьевское шоссе,4
Архитектора Власова,4
Балаклавский проспект,4
Кибальчича,4
Коштоянца,4
Крылатская,4
Крылатские холмы,4
Малая Якиманка,4
Марии Ульяновой,4
Нагорная,4
Новинки,4
Осенний б-р,4
Расплетина,4
Севастопольский проспект,4
Хамовнический вал,4
Хованская,4
Цюрупы,4
Чапаевский переулок,4
Шаболовка,4
Щепкина,4
26-ти Бакинских комиссаров,3
Академика Анохина,3
Академика Виноградова,3
Академика Волгина,3
Академика Павлова,3
Ангарская,3
Аптекарский переулок,3
Большая Полянка,3
Бутлерова,3
Губкина,3
Звенигородская,3
Коломенская наб,3
Комсомольский проспект,3
космонавта волкова,3
лазоревый проезд,3
Ленинградский проспект,3
"Литовский ,бульвар",3
малая филевская,3
мансуровский переулок,3
Можайское шоссе,3
Мусы Джалиля,3
мытная,3
Мясницкая,3
Мячковский б-р,3
Новоясеневский проспект,3
Обручева,3
одесская,3
Озерная,3
Олеко Дундичка,3
Павловская,3
Перекопская,3
ПРОСПЕКТ МАРШАЛА ЖУКОВА,3
Пятницкая,3
Рублевское шоссе,3
Славянский бульвар,3
тепличный переулок,3
Чистова,3
Якиманский переулок,3
Ярославское шоссе,3
15-я Парковая,2
2-й Мосфильмовский пер,2
3-й Крутицкий переулок,2
5-й Рощинский проезд,2
Артитектора Щусева,2
Байкальская,2
Березовой рощи,2
Ботаническая,2
Верхние Поля,2
Воронежская,2
Демьяна Бедного,2
Доватора,2
Елецкая,2
Зеленоградская,2
Ивана Сусанина,2
Инессы арманд,2
Кастанаевская,2
Кочновский проезд,2
Краснобогатырская,2
Красного Маяка,2
Красноказарменная,2
Машкова,2
Менжинского,2
мкр Северное Чертаново,2
Молодогвардейская,2
Нагатинская набережная,2
Народная,2
Народного ололчения,2
Наставнический пер,2
Никулинская,2
Ореховый б-р,2
Паромная,2
Перерва,2
Поварская,2
Проспект мира,2
пр-т Вернадского,2
Пудовкина,2
Ружейный переулок,2
Свободы,2
Симоновский Вал,2
Симферопольский проезд,2
Сосновая,2
Талалихина,2
Ул. Инессы Арманд,2
Химкинский бульвар,2
Холмогорская,2
Чаянова,2
Коломенская набережная,1
Маломосковская,1
2-й Мосфильмовский переулок,1
2-й Покровский проезд,1
2-я Фрунзенская,1
3-й Дорожный проезд,1
3-я Владимирская,1
3-я Новоостанкинская,1
4-й Верхний Михайловский проезд,1
5-й Верхний Михайловский проезд,1
Академика Бочвара,1
Академика Королева,1
Армянский переулок,1
Б.Николо-Песковский пер.,1
Б.Черемушкинская,1
Бажова,1
Бахрушина,1
беловежская,1
Беломорская,1
Бирюлевская,1
Большая Очаковская,1
Большая Переяславская,1
"Большая Филевская. ЖК ""ONLY""",1
Большая Якиманка,1
Бориса Пастернака,1
Борисовский проезд,1
Братеевская,1
Братская,1
Бульвар Яна Райниса,1
Буранова,1
Василисы Кожиной,1
Вилиса Лациса,1
Винницкая,1
Волоколамское шоссе,1
Волочаевская,1
Воронцовские пруды,1
Высокая,1
"г.Московский,3-й микрорайон",1
Гагаринский переулок,1
генерала белова,1
генерала тюленева,1
Головинское шоссе,1
Даев пер.,1
Дмитровское шоссе,1
Днепропетровская,1
Дорожная,1
Дохтуровский переулок,1
ельнинская,1
Затонная,1
Зеленый проспект,1
Зюзинская,1
Иваньковское шоссе,1
измайловский бр,1
Измайловский проезд,1
Изюмская,1
Имени Головкина,1
Казакова,1
Каширское шоссе,1
Киевская,1
Коломенский проезд,1
Конаковский проезд,1
кооперативная,1
Коптевская,1
Корабельная,1
Косинская,1
кравченко,1
Красногвардейский переулок,1
Краснодонская,1
Кременчугская,1
Кржижановского,1
Кронштадский бульвар,1
Крупской,1
крылатские владения,1
Курыжова,1
Летчика Бабушкина,1
Льва Толстого,1
Малая Дмитровка,1
Малый Козихинский пер,1
Мантулинская,1
Марксистская,1
Маршала Тухачевского,1
Маршлала Конева,1
Мещерский переулок,1
Миклухо-Маклая,1
милашенкова,1
Минская,1
Мироновская,1
Набережная Тараса Шевченко,1
Нагатинская,1
нагатинский бульвар,1
Нарвская,1
Нижняя Первомайская,1
НовоАлексеевская,1
Новодевичий проезд,1
Новорогожская,1
Оболенский переулок,1
Октябрьская,1
Олимпийская Деревня,1
Пересветов пер.,1
переулок Сивцев Вражек,1
Перовская,1
Петровско-Разумовский проезд,1
Планетная,1
платовская,1
Погодинская,1
Подушкинское шоссе,1
Поклонная,1
Пролетарский пр-т,1
проспект Революции,1
Ракетный б-р,1
Россолимо,1
Рублево-Успенское шоссе,1
Садовая,1
Сайкина,1
Светлогорский проезд,1
село петрово-дальнее,1
Серпуховский вал,1
Снежная,1
соловьиный проезд,1
Спиридоновка,1
Станиславского,1
Старая Басманная,1
Староволынская улица,1
Стасовой,1
Столетова,1
суворовская,1
Таганрогская,1
Тарусская,1
Теплый Стан,1
тихая,1
Товарищевский переулок,1
Трофимова,1
ул. 1812-го года,1
Улофа Пальме,1
Университетский проезд,1
Успенское шоссе,1
Ферганская,1
Фрунзенская набережная,1
Ходынский б-р,1
Центральная,1
Циолковского,1
Шипиловская,1
ШМИТОВСКИЙ ПРОЕЗД,1
Щетининский переулок,1
Щукинская,1
Электролитный проезд,1
Южнобутовская,1
Юлиуса Фучика,1
Село Ильинское,3
Село Переделки,3
Рабочий поселок,2
дер. Жуковка,2
СНТ Дары природы,1
дер. Фоминское,1
Село Немчиновка,1
Одинцово,1
Подольск,1
